Date,Adj Close,Close,High,Low,Open,Volume
2026-09-30 23:00:00+00:00,1.1330161094665527,1.1330161094665527,1.133529782295227,1.1328877210617065,1.1334012746810913,0
2026-10-01 00:00:00+00:00,1.1336582899093628,1.1336582899093628,1.1339154243469238,1.1330161094665527,1.1330161094665527,0
2026-10-01 01:00:00+00:00,1.133144497871399,1.133144497871399,1.1340440511703491,1.133144497871399,1.1336582899093628,0
2026-10-01 02:00:00+00:00,1.1328877210617065,1.1328877210617065,1.1330161094665527,1.132502794265747,1.1330161094665527,0
2026-10-01 03:00:00+00:00,1.1332728862762451,1.1332728862762451,1.1332728862762451,1.132502794265747,1.1328877210617065,0
2026-10-01 04:00:00+00:00,1.1322463750839233,1.1322463750839233,1.1334012746810913,1.1322463750839233,1.133144497871399,0
2026-10-01 05:00:00+00:00,1.1321182250976562,1.1321182250976562,1.13237464427948,1.131861925125122,1.1322463750839233,0
2026-10-01 06:00:00+00:00,1.1321182250976562,1.1321182250976562,1.1328877210617065,1.1310937404632568,1.132502794265747,0
2026-10-01 07:00:00+00:00,1.1307101249694824,1.1307101249694824,1.1322463750839233,1.1303266286849976,1.1319899559020996,0
2026-10-01 08:00:00+00:00,1.129433035850525,1.129433035850525,1.1307101249694824,1.1291780471801758,1.1307101249694824,0
2026-10-01 09:00:00+00:00,1.1273956298828125,1.1273956298828125,1.1303266286849976,1.1273956298828125,1.129433035850525,0
2026-10-01 10:00:00+00:00,1.1298158168792725,1.1298158168792725,1.1300712823867798,1.1270145177841187,1.1271415948867798,0
2026-10-01 11:00:00+00:00,1.1308379173278809,1.1308379173278809,1.1313496828079224,1.128413438796997,1.1295605897903442,0
2026-10-01 12:00:00+00:00,1.1289230585098267,1.1289230585098267,1.1309658288955688,1.1289230585098267,1.1308379173278809,0
2026-10-01 13:00:00+00:00,1.1299434900283813,1.1299434900283813,1.1299434900283813,1.1285407543182373,1.1289230585098267,0
2026-10-01 14:00:00+00:00,1.126887559890747,1.126887559890747,1.1296881437301636,1.1265066862106323,1.1296881437301636,0
2026-10-01 15:00:00+00:00,1.1234692335128784,1.1234692335128784,1.1267606019973755,1.1223344802856445,1.1267606019973755,0
2026-10-01 16:00:00+00:00,1.1222084760665894,1.1222084760665894,1.1247328519821167,1.121956706047058,1.123721718788147,0
2026-10-01 17:00:00+00:00,1.1228384971618652,1.1228384971618652,1.1242270469665527,1.121956706047058,1.1222084760665894,0
2026-10-01 18:00:00+00:00,1.1238480806350708,1.1238480806350708,1.1242270469665527,1.1224603652954102,1.12271249294281,0
2026-10-01 19:00:00+00:00,1.1243535280227661,1.1243535280227661,1.1247328519821167,1.123721718788147,1.1238480806350708,0
2026-10-01 20:00:00+00:00,1.1246063709259033,1.1246063709259033,1.124985933303833,1.12447988986969,1.1247328519821167,0
2026-10-01 21:00:00+00:00,1.12447988986969,1.12447988986969,1.124985933303833,1.123974323272705,1.1246063709259033,0
2026-10-01 22:00:00+00:00,1.1247328519821167,1.1247328519821167,1.1247328519821167,1.12447988986969,1.12447988986969,0
2026-10-01 23:00:00+00:00,1.125112533569336,1.125112533569336,1.125112533569336,1.1246063709259033,1.1248594522476196,0
2026-10-02 00:00:00+00:00,1.123721718788147,1.123721718788147,1.1252391338348389,1.123721718788147,1.1252391338348389,0
2026-10-02 01:00:00+00:00,1.1238480806350708,1.1238480806350708,1.1238480806350708,1.1234692335128784,1.1238480806350708,0
2026-10-02 02:00:00+00:00,1.1247328519821167,1.1247328519821167,1.1247328519821167,1.123974323272705,1.123974323272705,0
2026-10-02 03:00:00+00:00,1.1254924535751343,1.1254924535751343,1.1257457733154297,1.1247328519821167,1.1247328519821167,0
2026-10-02 04:00:00+00:00,1.1254924535751343,1.1254924535751343,1.1258726119995117,1.1254924535751343,1.1254924535751343,0
2026-10-02 05:00:00+00:00,1.1248594522476196,1.1248594522476196,1.1256190538406372,1.1248594522476196,1.1254924535751343,0
2026-10-02 06:00:00+00:00,1.1262530088424683,1.1262530088424683,1.1265066862106323,1.124985933303833,1.124985933303833,0
2026-10-02 07:00:00+00:00,1.1265066862106323,1.1265066862106323,1.126887559890747,1.1257457733154297,1.1261261701583862,0
2026-10-02 08:00:00+00:00,1.1254924535751343,1.1254924535751343,1.1271415948867798,1.124985933303833,1.1263798475265503,0
2026-10-02 09:00:00+00:00,1.1253657341003418,1.1253657341003418,1.1254924535751343,1.124985933303833,1.1254924535751343,0
2026-10-02 10:00:00+00:00,1.123974323272705,1.123974323272705,1.1253657341003418,1.1232168674468994,1.1253657341003418,0
2026-10-02 11:00:00+00:00,1.1235954761505127,1.1235954761505127,1.12447988986969,1.1230907440185547,1.1238480806350708,0
2026-10-02 12:00:00+00:00,1.126633644104004,1.126633644104004,1.126633644104004,1.1224603652954102,1.123721718788147,0
2026-10-02 13:00:00+00:00,1.1277772188186646,1.1277772188186646,1.1277772188186646,1.1247328519821167,1.1265066862106323,0
2026-10-02 14:00:00+00:00,1.1282861232757568,1.1282861232757568,1.1287955045700073,1.1275228261947632,1.1277772188186646,0
2026-10-02 15:00:00+00:00,1.1261261701583862,1.1261261701583862,1.1281588077545166,1.1257457733154297,1.1281588077545166,0
2026-10-02 16:00:00+00:00,1.1259993314743042,1.1259993314743042,1.1263798475265503,1.1253657341003418,1.1261261701583862,0
2026-10-02 17:00:00+00:00,1.1257457733154297,1.1257457733154297,1.1262530088424683,1.1254924535751343,1.1258726119995117,0
2026-10-02 18:00:00+00:00,1.1253657341003418,1.1253657341003418,1.1259993314743042,1.1252391338348389,1.1258726119995117,0
2026-10-02 19:00:00+00:00,1.1261261701583862,1.1261261701583862,1.1263798475265503,1.1253657341003418,1.1256190538406372,0
2026-10-02 20:00:00+00:00,1.1256190538406372,1.1256190538406372,1.1262530088424683,1.1253657341003418,1.1262530088424683,0
2026-10-02 21:00:00+00:00,1.1257457733154297,1.1257457733154297,1.1257457733154297,1.1256190538406372,1.1256190538406372,0
